Datetime,Water Level (m)
2025-11-09 18:00:00,0.15629287
2025-11-09 19:00:00,0.06880467
2025-11-09 20:00:00,0.020708082
2025-11-09 21:00:00,-0.007707611
2025-11-09 22:00:00,-0.028545639
2025-11-09 23:00:00,0.0017378427
2025-11-10 00:00:00,0.2009227
2025-11-10 01:00:00,0.38510427
2025-11-10 02:00:00,0.51658887
2025-11-10 03:00:00,0.5900029
2025-11-10 04:00:00,0.611379
2025-11-10 05:00:00,0.5685412
2025-11-10 06:00:00,0.4538731
2025-11-10 07:00:00,0.3451209
2025-11-10 08:00:00,0.28388348
2025-11-10 09:00:00,0.23450513
2025-11-10 10:00:00,0.1911028
2025-11-10 11:00:00,0.15096138
2025-11-10 12:00:00,0.1314922
2025-11-10 13:00:00,0.23409674
2025-11-10 14:00:00,0.39631972
2025-11-10 15:00:00,0.53012025
2025-11-10 16:00:00,0.5883249
2025-11-10 17:00:00,0.56981534
2025-11-10 18:00:00,0.46936023
2025-11-10 19:00:00,0.37623367
2025-11-10 20:00:00,0.2991361
2025-11-10 21:00:00,0.23669112
2025-11-10 22:00:00,0.18913192
2025-11-10 23:00:00,0.1505183
2025-11-11 00:00:00,0.14452864
2025-11-11 01:00:00,0.29184127
2025-11-11 02:00:00,0.47309065
2025-11-11 03:00:00,0.61759335
2025-11-11 04:00:00,0.69100183
2025-11-11 05:00:00,0.70270365
2025-11-11 06:00:00,0.6298258
2025-11-11 07:00:00,0.51430875
2025-11-11 08:00:00,0.4285295
2025-11-11 09:00:00,0.35972843
2025-11-11 10:00:00,0.30210844
2025-11-11 11:00:00,0.25415152
2025-11-11 12:00:00,0.21064605
2025-11-11 13:00:00,0.18153585
2025-11-11 14:00:00,0.22448722
2025-11-11 15:00:00,0.3671489
2025-11-11 16:00:00,0.5066515
2025-11-11 17:00:00,0.5870226
2025-11-11 18:00:00,0.5808839
2025-11-11 19:00:00,0.49822554
2025-11-11 20:00:00,0.41040087
2025-11-11 21:00:00,0.3345973
2025-11-11 22:00:00,0.27130055
2025-11-11 23:00:00,0.22244345
2025-11-12 00:00:00,0.18521857
2025-11-12 01:00:00,0.17630103
2025-11-12 02:00:00,0.2692143
2025-11-12 03:00:00,0.41540146
2025-11-12 04:00:00,0.55930275
2025-11-12 05:00:00,0.6419232
2025-11-12 06:00:00,0.6640229
2025-11-12 07:00:00,0.603372
2025-11-12 08:00:00,0.49936795
2025-11-12 09:00:00,0.4159291
2025-11-12 10:00:00,0.34585738
2025-11-12 11:00:00,0.28744996
2025-11-12 12:00:00,0.23964226
2025-11-12 13:00:00,0.19766974
2025-11-12 14:00:00,0.16676325
2025-11-12 15:00:00,0.1858828
2025-11-12 16:00:00,0.3066781
2025-11-12 17:00:00,0.44222313
2025-11-12 18:00:00,0.544459
2025-11-12 19:00:00,0.5710766
2025-11-12 20:00:00,0.52155596
2025-11-12 21:00:00,0.4353362
2025-11-12 22:00:00,0.35924277
2025-11-12 23:00:00,0.2920316
2025-11-13 00:00:00,0.2391922
2025-11-13 01:00:00,0.1987407
2025-11-13 02:00:00,0.17612396
2025-11-13 03:00:00,0.21142027
2025-11-13 04:00:00,0.33085555
2025-11-13 05:00:00,0.46754536
2025-11-13 06:00:00,0.5730465
2025-11-13 07:00:00,0.61484015
2025-11-13 08:00:00,0.5856992
2025-11-13 09:00:00,0.49313346
2025-11-13 10:00:00,0.40965208
2025-11-13 11:00:00,0.33696023
2025-11-13 12:00:00,0.2757771
2025-11-13 13:00:00,0.22712608
2025-11-13 14:00:00,0.18539084
2025-11-13 15:00:00,0.1524034
2025-11-13 16:00:00,0.1575728
2025-11-13 17:00:00,0.26913556
2025-11-13 18:00:00,0.41357854
2025-11-13 19:00:00,0.5355793
2025-11-13 20:00:00,0.58724785
2025-11-13 21:00:00,0.57285804
2025-11-13 22:00:00,0.48508793
2025-11-13 23:00:00,0.4005492
2025-11-14 00:00:00,0.32810795
2025-11-14 01:00:00,0.26797235
2025-11-14 02:00:00,0.22198808
2025-11-14 03:00:00,0.18863676
2025-11-14 04:00:00,0.18655905
2025-11-14 05:00:00,0.27178442
2025-11-14 06:00:00,0.40181842
2025-11-14 07:00:00,0.52932745
2025-11-14 08:00:00,0.59464216
2025-11-14 09:00:00,0.59532905
2025-11-14 10:00:00,0.5179315
2025-11-14 11:00:00,0.4282399
2025-11-14 12:00:00,0.35132134
2025-11-14 13:00:00,0.28470007
2025-11-14 14:00:00,0.23177794
2025-11-14 15:00:00,0.1877027
2025-11-14 16:00:00,0.15492387
2025-11-14 17:00:00,0.16792856
2025-11-14 18:00:00,0.29405007
2025-11-14 19:00:00,0.4405598
2025-11-14 20:00:00,0.56425667
2025-11-14 21:00:00,0.6223852
2025-11-14 22:00:00,0.61863184
2025-11-14 23:00:00,0.5311017
2025-11-15 00:00:00,0.43602565
2025-11-15 01:00:00,0.35868818
2025-11-15 02:00:00,0.2937108
2025-11-15 03:00:00,0.2428252
2025-11-15 04:00:00,0.2021121
2025-11-15 05:00:00,0.18398388
2025-11-15 06:00:00,0.24894567
2025-11-15 07:00:00,0.38497192
2025-11-15 08:00:00,0.5196515
2025-11-15 09:00:00,0.5945137
2025-11-15 10:00:00,0.5962726
2025-11-15 11:00:00,0.51712704
2025-11-15 12:00:00,0.42452824
2025-11-15 13:00:00,0.34643796
2025-11-15 14:00:00,0.27871916
2025-11-15 15:00:00,0.22547534
2025-11-15 16:00:00,0.18169098
2025-11-15 17:00:00,0.15050448
2025-11-15 18:00:00,0.18291236
